"case","n","p","k","rho","seed","prior","proposal_type","mh_step_b","true_sigmaSq","sse_total","sse_signal","phi_mean","phi_median","phi_q90","phi_q99","phi_gt_10","phi_gt_100","a_mean","a_median","a_q90","b_mean","b_median","b_q90","accept_a","accept_b","accept_phi"
"sparse_p200_k10",50,200,10,0.8,1,"hs_center","adaptive",0.1,5.32114493498139,18.4723710784165,15.245590126796,0.340233514222212,0.0639280465081366,0.815549854587768,5.30661811228295,0,0,0.717212228177039,0.711166073356844,0.88975586110567,1.58071875325732,1.31691243242808,2.938223692763,0.5785,0.5785,0.5785
"sparse_p200_k10",50,200,10,0.8,2,"hs_center","adaptive",0.1,25.8233735824169,122.472836810108,69.6414564680486,0.795247803414564,0.496119742250015,1.914298143851,3.4300225390411,0,0,0.33112940609656,0.324965256200372,0.428834923110708,1.02573222239075,0.913708899864097,1.57752794397448,0.495,0.495,0.495
"sparse_p200_k10",50,200,10,0.8,1,"hs_center","bi_adaptive",0.2,5.32114493498139,17.3563616921197,14.0233199482756,0.237435958616196,0.131098586238714,0.595856751544574,1.01958220773762,0,0,0.402207797244421,0.409034377943301,0.546387433975854,1.33079918229348,1.1581069552623,2.15170223760147,0.4065,0.5345,0.4065
"sparse_p200_k10",50,200,10,0.8,2,"hs_center","bi_adaptive",0.2,25.8233735824169,112.014181112903,66.1930660041678,0.715022670224682,0.435030147074356,1.73540418448737,4.81431687427638,0.001,0,0.431571605365124,0.419221955960991,0.65159444048448,1.02261851749887,0.936214878084238,1.54892238251669,0.4475,0.5605,0.4475
"sparse_p200_k10",50,200,10,0.8,1,"normal_gamma_center","adaptive",0.1,5.32114493498139,18.4674229513706,15.2633364908378,1.15670532532778,0.546927861182558,2.42921265694215,12.7125979720971,0.012,0,0.493919702081366,0.49150993673978,0.561047035063328,2.95354236463507,2.73053662629182,5.18766171852708,0.538,0.538,0.538
"sparse_p200_k10",50,200,10,0.8,2,"normal_gamma_center","adaptive",0.1,25.8233735824169,129.056979503484,78.2012014971725,8.72177962083035,2.94059409293727,23.4293163942741,87.3109003369237,0.242,0.008,0.209106001541436,0.205939031901817,0.243346948630075,2.0624461066286,1.54642031849677,4.09276136101294,0.5895,0.5895,0.5895
"sparse_p200_k10",50,200,10,0.8,1,"normal_gamma_center","bi_adaptive",0.2,5.32114493498139,18.1331124626102,14.7994257291587,1.17226321433569,0.619510044615399,1.96979966232484,18.0436796264403,0.02,0,0.489631663038151,0.479431985175583,0.620143301270099,3.43526366658298,3.02597274163903,5.65873200802349,0.3675,0.5975,0.3675
"sparse_p200_k10",50,200,10,0.8,2,"normal_gamma_center","bi_adaptive",0.2,25.8233735824169,107.956557708063,70.383076892323,1.67507862554282,1.02475504124203,3.83268765478502,13.4134392399493,0.027,0,0.330861749196658,0.334834159933326,0.382355280823927,1.67493247794702,1.57021012833927,2.63480880318611,0.3875,0.5865,0.3875
"sparse_p200_k10",50,200,10,0.8,1,"ridge_center","adaptive",0.1,5.32114493498139,20.1945858581053,16.6868845755179,8.41257876435198,0.227230473801868,4.32031975804531,170.609961627624,0.083,0.04,1.00713790592653,1.01980348670218,1.09453966122705,5.1150488772061,2.65779303104797,8.91103544970936,0.5205,0.5205,0.5205
"sparse_p200_k10",50,200,10,0.8,2,"ridge_center","adaptive",0.1,25.8233735824169,108.911325167181,76.3359151926013,6.78848937698554,1.10282490156295,12.3497206720873,121.358573032677,0.114,0.018,1.3084342044544,1.18125123536632,1.92419388805859,7.01331660475005,3.27835674797204,13.9140150123734,0.4635,0.4635,0.4635
"sparse_p200_k10",50,200,10,0.8,1,"ridge_center","bi_adaptive",0.2,5.32114493498139,25.7832901802678,21.8692897006613,0.64165735180342,0.361658100263634,1.59102335206676,3.2205856995578,0,0,5.24802009665653,4.13087955750147,10.674576492593,12.6776311933509,11.6040907332516,22.5895637455676,0.4485,0.537,0.4485
"sparse_p200_k10",50,200,10,0.8,2,"ridge_center","bi_adaptive",0.2,25.8233735824169,100.284635345822,74.3252777974938,1.89109032068529,0.735685847082834,3.47125307824424,21.2641836272936,0.028,0,12.0939864175903,11.2386279516213,21.6265104586507,11.7947262034726,11.6030371415089,16.6177877624697,0.4895,0.5195,0.4895
"sparse_p200_k10",50,200,10,0.4,1,"hs_center","adaptive",0.1,10.9397143212009,13.631429169772,9.92706505683978,0.417104266752568,0.285411216866462,0.879646688732646,1.85499711683222,0,0,0.406966335762992,0.293814895407907,0.782912598178358,1.52314356811711,1.38228084433201,2.41852809766667,0.5455,0.5455,0.5455
"sparse_p200_k10",50,200,10,0.4,2,"hs_center","adaptive",0.1,26.0072958059238,71.2477140734064,55.1805710846951,1.22712919489767,0.520611436940924,3.4938467991254,10.5392635666401,0.015,0,0.359825375459508,0.365277434075018,0.444427773080799,1.71574265678266,1.68162465336361,3.12770642687467,0.533,0.533,0.533
"sparse_p200_k10",50,200,10,0.4,1,"hs_center","bi_adaptive",0.2,10.9397143212009,11.9504709866405,8.7683592474424,0.37466176856499,0.293799422467436,0.818277964488893,1.9860382106723,0,0,0.367435822179663,0.357020233932672,0.441196895281233,1.32386973668474,1.22505301186308,1.92790280653854,0.4395,0.5535,0.4395
"sparse_p200_k10",50,200,10,0.4,2,"hs_center","bi_adaptive",0.2,26.0072958059238,71.2078658484688,54.2576495275766,1.01351879792329,0.730600795137045,2.02299772645677,3.80110000705312,0,0,0.436388047343161,0.408868820333798,0.594472604872834,1.49114666753243,1.38722157818082,2.1449743151926,0.403,0.559,0.403
"sparse_p200_k10",50,200,10,0.4,1,"normal_gamma_center","adaptive",0.1,10.9397143212009,22.2504894835962,16.4204075738042,7.16561789877299,0.812172905595337,30.1567289945187,58.3206778551729,0.207,0,1.31232443074719,1.28028517573786,1.9552838679781,16.4164220876862,4.73354508027497,50.5873259179504,0.508,0.508,0.508
"sparse_p200_k10",50,200,10,0.4,2,"normal_gamma_center","adaptive",0.1,26.0072958059238,83.3522443567925,62.8846262082746,21.6202982420172,2.50579973334872,67.7515252527697,435.947956384712,0.256,0.035,0.456978245514505,0.459112181561931,0.499372821023912,4.8255737754938,3.14090593323492,13.2155697664473,0.509,0.509,0.509
"sparse_p200_k10",50,200,10,0.4,1,"normal_gamma_center","bi_adaptive",0.2,10.9397143212009,21.1582502676488,16.8059173842157,2.47278947633822,1.2795643089275,4.87163827203031,30.2021933713785,0.035,0,1.03536116423614,1.00940465117846,1.33816557599913,9.76635309506051,9.48307566162588,16.499178927401,0.3655,0.5865,0.3655
"sparse_p200_k10",50,200,10,0.4,2,"normal_gamma_center","bi_adaptive",0.2,26.0072958059238,98.4028859938952,96.1769735460857,2.03731765101898,0.144840790940945,6.32581448860253,23.8307915964414,0.057,0,0.641658224713658,0.60449878649922,0.868642688378873,7.86339677987306,6.62169280495853,14.9980083607703,0.3625,0.619,0.3625
"sparse_p200_k10",50,200,10,0.4,1,"ridge_center","adaptive",0.1,10.9397143212009,19.8913861388666,14.7396448346792,7.40955716689934,0.68926954595488,30.2555668911862,58.0737810249614,0.195,0,1.38065392367506,1.23796489352646,2.02861452588435,12.5301373733678,5.03116394875803,38.9170486803367,0.5135,0.5135,0.5135
"sparse_p200_k10",50,200,10,0.4,2,"ridge_center","adaptive",0.1,26.0072958059238,85.3161616159522,67.5001979622895,3.12870244510353,0.657309645130015,6.30645807279252,44.9272811647161,0.073,0,1.47824609725997,1.45026187623287,1.83297566102376,3.85713902154585,2.76861150201363,7.86870138123386,0.5235,0.5235,0.5235
"sparse_p200_k10",50,200,10,0.4,1,"ridge_center","bi_adaptive",0.2,10.9397143212009,23.9888537484104,18.7098706628326,0.512626761950741,0.187666228377071,1.29305195689986,4.8230075383367,0,0,7.90094408177741,6.08447585594234,16.2431125002171,8.33875327875609,7.10133873339162,13.2747179464749,0.476,0.5405,0.476
"sparse_p200_k10",50,200,10,0.4,2,"ridge_center","bi_adaptive",0.2,26.0072958059238,94.1455629835367,74.9785377170886,1.96760735744932,1.13231990774751,4.8343753553798,10.0741559294992,0.012,0,6.61074995681948,5.13197623105138,12.4845513814004,13.602733704853,13.5541826316899,23.9433167360099,0.483,0.5325,0.483
"mixed_p200_k40",50,200,40,0.8,1,"hs_center","adaptive",0.1,108.204248462442,282.932953044666,218.976593648708,0.301819101951808,0.21505701249733,0.754304031747613,1.50349392063287,0,0,0.461911254012955,0.459116687490647,0.484204424575179,0.497562402386044,0.504650313243563,0.617406162025612,0.5545,0.5545,0.5545
"mixed_p200_k40",50,200,40,0.8,2,"hs_center","adaptive",0.1,170.297017481891,365.930945622199,267.61561051236,9.23653406861327,2.75723653374571,21.512126376718,98.5731392664243,0.247,0.01,0.30586731270838,0.30621916370168,0.350796786240985,1.24063523710922,1.05846503223424,2.17486285498065,0.5555,0.5555,0.5555
"mixed_p200_k40",50,200,40,0.8,1,"hs_center","bi_adaptive",0.2,108.204248462442,259.157877139313,210.758663495214,1.4811120328654,1.09492657098236,3.17524429145881,5.74190080728463,0,0,0.88048773946892,0.800008413955642,1.39681162875402,1.3154075231661,1.2125820756406,1.88502002921159,0.4235,0.548,0.4235
"mixed_p200_k40",50,200,40,0.8,2,"hs_center","bi_adaptive",0.2,170.297017481891,393.572987224752,273.988848338253,7.60130684936976,4.54153256216102,19.5783236544494,43.1236784221324,0.263,0,0.192797541523195,0.192187707841534,0.211585570429537,1.00549582328415,0.924737997984439,1.57008978529953,0.4925,0.581,0.4925
"mixed_p200_k40",50,200,40,0.8,1,"normal_gamma_center","adaptive",0.1,108.204248462442,247.835865710043,191.882963253527,245.467460794235,10.6346227998167,976.426536331809,2359.65594114367,0.51,0.303,1.23189107301642,1.18307132239477,1.995510359177,9.80447244214023,4.93800282236948,30.8529328220832,0.481,0.481,0.481
"mixed_p200_k40",50,200,40,0.8,2,"normal_gamma_center","adaptive",0.1,170.297017481891,334.015236294633,242.984317890218,139.677528223294,11.3219356191314,268.302968106461,1790.62210829273,0.511,0.182,0.469445463737099,0.460492216202122,0.598078230142791,5.90195955199227,2.87239138499848,13.9789571874909,0.539,0.539,0.539
"mixed_p200_k40",50,200,40,0.8,1,"normal_gamma_center","bi_adaptive",0.2,108.204248462442,264.560415039072,249.488048751709,14.3110650185405,2.17799582646386,42.8651668284772,117.574588550811,0.342,0.019,1.23664580482736,0.832905702458875,2.62116643443063,6.04685484844402,5.64458160701343,9.71294183702191,0.426,0.565,0.426
"mixed_p200_k40",50,200,40,0.8,2,"normal_gamma_center","bi_adaptive",0.2,170.297017481891,391.77280947417,271.129886926955,40.3389888355611,4.28411816626798,126.137506118743,297.89708341652,0.479,0.151,0.291771799705483,0.292392199853006,0.37580345523127,2.9488955090189,1.32078517772316,8.10571732276235,0.393,0.5775,0.393
"mixed_p200_k40",50,200,40,0.8,1,"ridge_center","adaptive",0.1,108.204248462442,241.47633254537,206.444304905438,3.98034426665414,2.11270183387862,9.61337158717378,27.3612335273945,0.09,0,3.20361800336662,2.75816115442681,6.24118804239069,4.77541792983109,4.58117854262531,6.48102959541341,0.4895,0.4895,0.4895
"mixed_p200_k40",50,200,40,0.8,2,"ridge_center","adaptive",0.1,170.297017481891,336.554269333915,231.646512290007,3.16411230535149,1.75657252347448,6.5426489151629,29.3457376084134,0.06,0,5.91863912695416,5.29103455932927,10.040135346136,3.78041429872992,3.10067733834852,6.99652748125773,0.546,0.546,0.546
"mixed_p200_k40",50,200,40,0.8,1,"ridge_center","bi_adaptive",0.2,108.204248462442,245.250797839241,200.600245785806,4.3243047742073,1.18539292306967,7.82880203205275,60.0800048545268,0.071,0,7.75113695931834,6.63954259425092,14.0610856992529,7.76140112139534,4.96339063508787,16.5608594725344,0.405,0.5145,0.405
"mixed_p200_k40",50,200,40,0.8,2,"ridge_center","bi_adaptive",0.2,170.297017481891,331.008574274451,249.719438346699,0.661465819095778,0.474901763097099,1.4624386058954,2.70035823373236,0,0,5.45253894808899,4.2672777627274,11.9111554633533,1.56618616554036,1.43353719991849,2.33986168512883,0.528,0.511,0.528
"mixed_p200_k40",50,200,40,0.4,1,"hs_center","adaptive",0.1,112.352724794109,191.344501704886,170.714564516913,1.35988763349542,0.749619497195577,3.60017657046919,7.54640642872456,0.003,0,0.568655659414894,0.467682680990288,0.953714172215968,0.822968096078086,0.830517568738235,1.08554705257937,0.5225,0.5225,0.5225
"mixed_p200_k40",50,200,40,0.4,2,"hs_center","adaptive",0.1,117.15082703116,349.861443513366,249.206864644237,18.4785942012006,15.7715790396573,41.3902355843597,68.6708896527819,0.624,0.003,0.151905243305867,0.150389084667208,0.170666109399358,1.57921416109859,1.62635642354358,2.20371306197351,0.569,0.569,0.569
"mixed_p200_k40",50,200,40,0.4,1,"hs_center","bi_adaptive",0.2,112.352724794109,197.011571617004,166.673431508093,1.622170485843,1.0224592996764,3.45814014167899,7.45801361437533,0,0,0.481830974219629,0.464447914668313,0.676264615238972,1.05550972563166,0.979514619829312,1.58852201474981,0.4445,0.5155,0.4445
"mixed_p200_k40",50,200,40,0.4,2,"hs_center","bi_adaptive",0.2,117.15082703116,338.763385278516,269.48172160468,4.07110626070982,2.80734985127461,9.25562214019677,19.121118765008,0.084,0,0.235828776558617,0.234775422255579,0.298795636614992,0.997883438238196,0.950205851105642,1.39692874082927,0.474,0.6005,0.474
"mixed_p200_k40",50,200,40,0.4,1,"normal_gamma_center","adaptive",0.1,112.352724794109,210.531352383227,174.567486115588,40.4115557267254,5.57714128916945,64.1615122160476,636.889174363004,0.397,0.081,0.778672433184665,0.774434683731902,0.980729645329486,6.19012250557886,2.8910101459507,14.2205574130352,0.5095,0.5095,0.5095
"mixed_p200_k40",50,200,40,0.4,2,"normal_gamma_center","adaptive",0.1,117.15082703116,311.765702797954,259.693822884906,284.171717565194,35.6036087420389,964.277066546293,1221.93857912117,0.602,0.407,0.524658174991301,0.5219524007252,0.548512159874881,13.2139129371832,7.7131364073977,32.7021503616429,0.417,0.417,0.417
"mixed_p200_k40",50,200,40,0.4,1,"normal_gamma_center","bi_adaptive",0.2,112.352724794109,219.875329998274,180.119457354607,8.10501906367569,4.10181006170627,21.1304918292528,38.9075636621574,0.249,0,1.73445242380544,1.69689410660985,2.41723917195471,5.16021819821208,4.75747727630151,7.931725271326,0.433,0.57,0.433
"mixed_p200_k40",50,200,40,0.4,2,"normal_gamma_center","bi_adaptive",0.2,117.15082703116,326.773837077551,276.22857193608,6.7472399553048,3.50993982053124,16.493948623673,56.2824280739775,0.179,0,0.433057114134208,0.422190224022119,0.505350577875892,2.37252783498626,1.91557091985417,4.57328674937964,0.3985,0.604,0.3985
"mixed_p200_k40",50,200,40,0.4,1,"ridge_center","adaptive",0.1,112.352724794109,217.128742250565,177.013372341181,180.342583120426,2.46541132637437,368.154269153566,3322.12033824967,0.314,0.144,1.12744016045699,1.08838536367684,1.55445183029127,6.22234912363501,2.1361436336643,22.1816985226762,0.4915,0.4915,0.4915
"mixed_p200_k40",50,200,40,0.4,2,"ridge_center","adaptive",0.1,117.15082703116,321.587505106843,237.092060145993,5.15670509559866,1.44761064905813,9.14156407307883,64.3867562848379,0.093,0.004,5.90764890345722,5.15504866573614,10.4672182557858,4.72976593793173,4.07311097290982,7.92731026946761,0.4745,0.4745,0.4745
"mixed_p200_k40",50,200,40,0.4,1,"ridge_center","bi_adaptive",0.2,112.352724794109,223.393556750126,176.395729439113,3.2199636456043,1.80721458978137,7.22815955023851,30.9828322674971,0.051,0,6.35709454679906,5.17440111044789,12.0368474374963,6.10374806054601,4.72908339421863,11.8796405058545,0.5355,0.5185,0.5355
"mixed_p200_k40",50,200,40,0.4,2,"ridge_center","bi_adaptive",0.2,117.15082703116,313.140084792089,249.927755907104,2.00809839368163,1.42170122218561,4.32437768869072,7.79209155798015,0.003,0,5.08549788128681,3.57640170038887,10.7252635601345,4.18892221631005,3.62903352363564,6.37185738593639,0.4605,0.528,0.4605
"dense_p100_k50",50,100,50,0.8,1,"hs_center","adaptive",0.1,61.5088374697088,424.38378584795,400.820615989301,2.10983975027658,1.25956671953622,3.83598460987264,13.0813105130121,0.03,0,0.585053554606507,0.478538979640489,1.05167805549446,1.14280545440373,1.1311132105013,1.54603026920976,0.555,0.555,0.555
"dense_p100_k50",50,100,50,0.8,2,"hs_center","adaptive",0.1,129.773465834533,617.343553003672,288.055378629423,7.87506537981493,4.90825285475269,17.2209196770516,38.4074926900854,0.232,0,1.2440787993244,1.1151878797903,1.94340126585986,1.25092445025413,1.12047467186446,1.91881407458648,0.522,0.522,0.522
"dense_p100_k50",50,100,50,0.8,1,"hs_center","bi_adaptive",0.2,61.5088374697088,434.848437375929,415.825704073019,2.19381998068407,1.4306937856277,4.78531215688477,17.3817063535315,0.028,0,0.377396174064953,0.370030767230789,0.465709520166947,0.99258926125517,0.917541516897655,1.50969083193963,0.516,0.6265,0.516
"dense_p100_k50",50,100,50,0.8,2,"hs_center","bi_adaptive",0.2,129.773465834533,502.643836075281,253.783642463108,6.27331353076826,4.27594828205194,12.5884148242642,31.1042006483984,0.168,0,1.33039700563188,1.21513588007439,1.94375397308088,1.2348397069355,1.13548879228627,1.84700693991545,0.5295,0.6105,0.5295
"dense_p100_k50",50,100,50,0.8,1,"normal_gamma_center","adaptive",0.1,61.5088374697088,386.931025144592,352.084016528592,91.5220093023054,5.56043968028568,363.75980685091,895.189293816537,0.403,0.154,1.14784397598766,0.98824017917775,1.92812788198685,7.61636163047381,3.73507853244702,23.1563538009011,0.556,0.556,0.556
"dense_p100_k50",50,100,50,0.8,2,"normal_gamma_center","adaptive",0.1,129.773465834533,423.369214699215,234.90997473169,108.213731404851,11.7587689437549,112.884128776813,4087.22629327503,0.554,0.11,1.34856338551742,1.22585174738272,2.12525190399985,3.96774072550945,2.43847038884468,7.53114148026073,0.6375,0.6375,0.6375
"dense_p100_k50",50,100,50,0.8,1,"normal_gamma_center","bi_adaptive",0.2,61.5088374697088,416.438654265425,403.502208757984,13.8424920320845,4.06931874340386,41.066173588022,120.795294191278,0.29,0.013,1.59607584231358,1.40682808645183,2.42732604937158,8.53237151003144,7.5345987668311,14.5083256771863,0.521,0.6505,0.521
"dense_p100_k50",50,100,50,0.8,2,"normal_gamma_center","bi_adaptive",0.2,129.773465834533,558.476388807997,276.589654961054,66.5313776830186,48.5615877099389,130.83525111768,353.733899199864,0.93,0.167,1.07435516959246,1.01953780884963,1.68639399075081,5.54100730385611,4.86818903851365,9.8003912377844,0.439,0.6495,0.439
"dense_p100_k50",50,100,50,0.8,1,"ridge_center","adaptive",0.1,61.5088374697088,404.154837706087,374.100239184213,25.6553919273088,1.92026399485444,56.515029449331,425.77981496663,0.223,0.077,2.99129181635284,2.56051911980222,5.571703715023,6.06884855364207,3.77805528596454,13.551191158862,0.5815,0.5815,0.5815
"dense_p100_k50",50,100,50,0.8,2,"ridge_center","adaptive",0.1,129.773465834533,523.274434053394,257.158334740725,11.0564604003406,4.21587387040966,27.2169948277943,110.255856595097,0.248,0.012,8.07579627973516,7.24684248943439,14.9804170607511,4.84272604203832,3.73769672463126,9.21838660241297,0.598,0.598,0.598
"dense_p100_k50",50,100,50,0.8,1,"ridge_center","bi_adaptive",0.2,61.5088374697088,404.319372028791,376.83532496605,1.53859560466245,0.950206243801353,3.73058273885979,8.98958156031932,0.004,0,7.22657264912348,6.01527142400292,13.6129904266555,4.15120345737042,3.28849639348303,7.55180677555318,0.455,0.6015,0.455
"dense_p100_k50",50,100,50,0.8,2,"ridge_center","bi_adaptive",0.2,129.773465834533,482.814877214828,237.926326193938,13.6695922278428,10.2988899846402,29.501890388548,52.6271029779578,0.513,0,9.89022928702053,7.9809411568838,18.3921506043932,8.52870878143013,8.01414407233446,14.0325395805336,0.509,0.6125,0.509
"dense_p100_k50",50,100,50,0.4,1,"hs_center","adaptive",0.1,95.4281297822566,414.000327743918,311.851482550005,4.39332350999863,2.97190804760583,9.59851246164597,22.212094474596,0.083,0,1.08105797385729,1.03315510340062,1.5824987423909,1.25373965102814,1.154173111162,1.84689204362824,0.408,0.408,0.408
"dense_p100_k50",50,100,50,0.4,2,"hs_center","adaptive",0.1,91.45555915442,306.948141953766,221.880685306162,3.86881843173924,2.91428977862842,8.82472713984802,19.3508667522025,0.065,0,1.00722243066818,0.868316484137206,1.60438982933,1.02544490930877,1.01907339369894,1.40556772045818,0.624,0.624,0.624
"dense_p100_k50",50,100,50,0.4,1,"hs_center","bi_adaptive",0.2,95.4281297822566,414.596848753434,323.872892279531,4.05035845369809,3.01906447409219,8.21063375820398,18.9325989977852,0.052,0,1.10023301145437,0.981133046684059,1.73505898912548,1.25177213022851,1.19230607445276,1.72243142733434,0.465,0.6145,0.465
"dense_p100_k50",50,100,50,0.4,2,"hs_center","bi_adaptive",0.2,91.45555915442,277.788888584723,226.579303330993,2.38034653971307,1.54474824969173,4.62648179515219,13.2389247806207,0.024,0,0.9768830924784,0.77970586627985,1.95099655758395,1.05094188431543,0.983135780625037,1.45419966067973,0.49,0.6155,0.49
"dense_p100_k50",50,100,50,0.4,1,"normal_gamma_center","adaptive",0.1,95.4281297822566,389.303042013776,327.739464213483,28.2258112655033,9.9205688520148,72.6962754069541,200.334598137188,0.499,0.053,1.03769102761724,0.99065420347756,1.45290748798052,4.75205393521214,3.19661326985464,10.648722256689,0.5685,0.5685,0.5685
"dense_p100_k50",50,100,50,0.4,2,"normal_gamma_center","adaptive",0.1,91.45555915442,351.151364263928,217.353745905304,44.9873157336804,14.6284602864773,102.629570495433,496.790268152594,0.609,0.104,1.38961740395419,1.32487058631889,2.12536637814738,4.99986405743415,3.47441611172719,10.1119894255214,0.605,0.605,0.605
"dense_p100_k50",50,100,50,0.4,1,"normal_gamma_center","bi_adaptive",0.2,95.4281297822566,425.00661569544,314.599423646947,17.3831116385013,14.5109318996701,34.0549863115265,62.6269740912372,0.599,0,1.13006065378461,1.07744564244671,1.59542733563523,3.66842937888089,3.40926001369604,6.25214680460818,0.407,0.6475,0.407
"dense_p100_k50",50,100,50,0.4,2,"normal_gamma_center","bi_adaptive",0.2,91.45555915442,349.714499064923,218.989186396092,15.4275465513425,11.5397101050786,28.8690177226926,65.859524682073,0.564,0.007,1.43730461936513,1.34038707863645,2.12284889804827,3.32182152105404,2.9031968886084,5.65928178104882,0.4355,0.6495,0.4355
"dense_p100_k50",50,100,50,0.4,1,"ridge_center","adaptive",0.1,95.4281297822566,400.752267419539,294.093234521616,5.01769980353417,2.90487813116288,11.3128302017464,33.3806614677148,0.113,0,7.51691351784234,7.23094077714428,12.3027255675914,5.35102475451733,4.56643154224873,10.1626261149419,0.5315,0.5315,0.5315
"dense_p100_k50",50,100,50,0.4,2,"ridge_center","adaptive",0.1,91.45555915442,328.422843141087,208.141001678962,9.78778956191944,4.20892848749916,20.2458722454846,118.496975629488,0.246,0.011,6.73164979220788,5.89680374119524,12.1739212760927,5.97542566237039,4.96454169635209,9.74491897681325,0.547,0.547,0.547
"dense_p100_k50",50,100,50,0.4,1,"ridge_center","bi_adaptive",0.2,95.4281297822566,397.533079808022,302.936723116388,3.56870931171105,2.49238914343166,7.80700614308727,14.9538283289072,0.037,0,7.80954886990001,6.72964881376051,14.2172529979843,4.56409727147243,4.40945911255899,7.43901584097206,0.4805,0.599,0.4805
"dense_p100_k50",50,100,50,0.4,2,"ridge_center","bi_adaptive",0.2,91.45555915442,321.413445100367,204.740235602732,4.17821570815248,2.82683683959245,9.7329067958321,17.8778365381982,0.094,0,7.39087445530094,6.47920482013416,12.9199108061282,4.1387587387609,3.77499744804193,7.09959004578348,0.4895,0.5985,0.4895
