"target","n","correct_rate","active_mean","active_min","active_max","winners","case","candidate_set","threshold","alpha","beta","selection_score"
"dense",5,1,14.2,12,18,"normal_gamma:5","dense_50_50_40_weak","four_way",0.1,0.5,0.5,"beta_prior"
"dense",5,1,14.2,12,18,"normal_gamma:5","dense_50_50_40_weak","four_way",0.1,0.5,0.5,"joint"
"dense",5,1,14.2,12,18,"normal_gamma:5","dense_50_50_40_weak","four_way",0.125,0.5,0.5,"beta_prior"
"dense",5,1,14.2,12,18,"normal_gamma:5","dense_50_50_40_weak","four_way",0.125,0.5,0.5,"joint"
"dense",5,1,14.2,12,18,"normal_gamma:5","dense_50_50_40_weak","four_way",0.15,0.5,0.5,"beta_prior"
"dense",5,1,14.2,12,18,"normal_gamma:5","dense_50_50_40_weak","four_way",0.15,0.5,0.5,"joint"
"dense",5,1,14.2,12,18,"normal_gamma:5","dense_50_50_40_weak","student_t",0.1,0.5,0.5,"beta_prior"
"dense",5,1,14.2,12,18,"normal_gamma:5","dense_50_50_40_weak","student_t",0.1,0.5,0.5,"joint"
"dense",5,1,14.2,12,18,"normal_gamma:5","dense_50_50_40_weak","student_t",0.125,0.5,0.5,"beta_prior"
"dense",5,1,14.2,12,18,"normal_gamma:5","dense_50_50_40_weak","student_t",0.125,0.5,0.5,"joint"
"dense",5,1,14.2,12,18,"normal_gamma:5","dense_50_50_40_weak","student_t",0.15,0.5,0.5,"beta_prior"
"dense",5,1,14.2,12,18,"normal_gamma:5","dense_50_50_40_weak","student_t",0.15,0.5,0.5,"joint"
"sparse",5,1,11.2,9,13,"normal_gamma_sparse:5","sparse_50_200_10_strong","four_way",0.1,0.5,0.5,"beta_prior"
"sparse",5,1,11.2,9,13,"normal_gamma_sparse:5","sparse_50_200_10_strong","four_way",0.1,0.5,0.5,"joint"
"sparse",5,1,11.2,9,13,"normal_gamma_sparse:5","sparse_50_200_10_strong","four_way",0.125,0.5,0.5,"beta_prior"
"sparse",5,1,11.2,9,13,"normal_gamma_sparse:5","sparse_50_200_10_strong","four_way",0.125,0.5,0.5,"joint"
"sparse",5,1,11.2,9,13,"normal_gamma_sparse:5","sparse_50_200_10_strong","four_way",0.15,0.5,0.5,"beta_prior"
"sparse",5,1,11.2,9,13,"normal_gamma_sparse:5","sparse_50_200_10_strong","four_way",0.15,0.5,0.5,"joint"
"sparse",5,1,9.8,7,13,"normal_gamma_sparse:5","sparse_50_200_10_weak","four_way",0.1,0.5,0.5,"beta_prior"
"sparse",5,1,9.8,7,13,"normal_gamma_sparse:5","sparse_50_200_10_weak","four_way",0.1,0.5,0.5,"joint"
"sparse",5,1,9.8,7,13,"normal_gamma_sparse:5","sparse_50_200_10_weak","four_way",0.125,0.5,0.5,"beta_prior"
"sparse",5,1,9.8,7,13,"normal_gamma_sparse:5","sparse_50_200_10_weak","four_way",0.125,0.5,0.5,"joint"
"sparse",5,1,9.8,7,13,"normal_gamma_sparse:5","sparse_50_200_10_weak","four_way",0.15,0.5,0.5,"beta_prior"
"sparse",5,1,9.8,7,13,"normal_gamma_sparse:5","sparse_50_200_10_weak","four_way",0.15,0.5,0.5,"joint"
"sparse",5,1,9.8,7,13,"hs:5","sparse_50_200_10_weak","student_t",0.125,0.5,0.5,"beta_prior"
"sparse",5,1,9.8,7,13,"hs:5","sparse_50_200_10_weak","student_t",0.15,0.5,0.5,"beta_prior"
"sparse",5,1,9.8,7,13,"hs:5","sparse_50_200_10_weak","student_t",0.15,0.5,0.5,"joint"
"dense",5,0.8,14.8,11,17,"hs:1;normal_gamma:4","dense_50_200_60_weak","student_t",0.1,0.5,0.5,"beta_prior"
"dense",5,0.8,14.8,11,17,"hs:1;normal_gamma:4","dense_50_200_60_weak","student_t",0.1,0.5,0.5,"joint"
"sparse",5,0.8,11.2,9,13,"hs:4;normal_gamma:1","sparse_50_200_10_strong","student_t",0.1,0.5,0.5,"beta_prior"
"sparse",5,0.8,11.2,9,13,"hs:4;normal_gamma:1","sparse_50_200_10_strong","student_t",0.1,0.5,0.5,"joint"
"sparse",5,0.8,11.2,9,13,"hs:4;normal_gamma:1","sparse_50_200_10_strong","student_t",0.125,0.5,0.5,"beta_prior"
"sparse",5,0.8,11.2,9,13,"hs:4;normal_gamma:1","sparse_50_200_10_strong","student_t",0.125,0.5,0.5,"joint"
"sparse",5,0.8,11.2,9,13,"hs:4;normal_gamma:1","sparse_50_200_10_strong","student_t",0.15,0.5,0.5,"beta_prior"
"sparse",5,0.8,11.2,9,13,"hs:4;normal_gamma:1","sparse_50_200_10_strong","student_t",0.15,0.5,0.5,"joint"
"sparse",5,0.8,9.8,7,13,"hs:4;normal_gamma:1","sparse_50_200_10_weak","student_t",0.1,0.5,0.5,"beta_prior"
"sparse",5,0.8,9.8,7,13,"hs:4;normal_gamma:1","sparse_50_200_10_weak","student_t",0.1,0.5,0.5,"joint"
"sparse",5,0.8,9.8,7,13,"hs:4;normal_gamma:1","sparse_50_200_10_weak","student_t",0.125,0.5,0.5,"joint"
"dense",5,0.6,14.8,11,17,"hs:2;normal_gamma:3","dense_50_200_60_weak","student_t",0.125,0.5,0.5,"beta_prior"
"dense",5,0.6,14.8,11,17,"hs:2;normal_gamma:3","dense_50_200_60_weak","student_t",0.125,0.5,0.5,"joint"
"dense",5,0.4,14.8,11,17,"hs:3;normal_gamma:2","dense_50_200_60_weak","student_t",0.15,0.5,0.5,"beta_prior"
"dense",5,0.4,14.8,11,17,"hs:3;normal_gamma:2","dense_50_200_60_weak","student_t",0.15,0.5,0.5,"joint"
"dense",5,0.2,10.4,8,13,"hs:4;normal_gamma:1","dense_50_200_60_strong","student_t",0.1,0.5,0.5,"beta_prior"
"dense",5,0.2,10.4,8,13,"hs:4;normal_gamma:1","dense_50_200_60_strong","student_t",0.1,0.5,0.5,"joint"
"dense",5,0.2,10.4,8,13,"hs:4;normal_gamma:1","dense_50_200_60_strong","student_t",0.125,0.5,0.5,"beta_prior"
"dense",5,0.2,10.4,8,13,"hs:4;normal_gamma:1","dense_50_200_60_strong","student_t",0.125,0.5,0.5,"joint"
"dense",5,0.2,10.4,8,13,"hs:4;normal_gamma:1","dense_50_200_60_strong","student_t",0.15,0.5,0.5,"beta_prior"
"dense",5,0.2,10.4,8,13,"hs:4;normal_gamma:1","dense_50_200_60_strong","student_t",0.15,0.5,0.5,"joint"
"dense",5,0,10.4,8,13,"normal_gamma_sparse:5","dense_50_200_60_strong","four_way",0.1,0.5,0.5,"beta_prior"
"dense",5,0,10.4,8,13,"normal_gamma_sparse:5","dense_50_200_60_strong","four_way",0.1,0.5,0.5,"joint"
"dense",5,0,10.4,8,13,"normal_gamma_sparse:5","dense_50_200_60_strong","four_way",0.125,0.5,0.5,"beta_prior"
"dense",5,0,10.4,8,13,"normal_gamma_sparse:5","dense_50_200_60_strong","four_way",0.125,0.5,0.5,"joint"
"dense",5,0,10.4,8,13,"normal_gamma_sparse:5","dense_50_200_60_strong","four_way",0.15,0.5,0.5,"beta_prior"
"dense",5,0,10.4,8,13,"normal_gamma_sparse:5","dense_50_200_60_strong","four_way",0.15,0.5,0.5,"joint"
"dense",5,0,14.8,11,17,"normal_gamma_sparse:5","dense_50_200_60_weak","four_way",0.1,0.5,0.5,"beta_prior"
"dense",5,0,14.8,11,17,"normal_gamma_sparse:5","dense_50_200_60_weak","four_way",0.1,0.5,0.5,"joint"
"dense",5,0,14.8,11,17,"normal_gamma_sparse:5","dense_50_200_60_weak","four_way",0.125,0.5,0.5,"beta_prior"
"dense",5,0,14.8,11,17,"normal_gamma_sparse:5","dense_50_200_60_weak","four_way",0.125,0.5,0.5,"joint"
"dense",5,0,14.8,11,17,"normal_gamma_sparse:5","dense_50_200_60_weak","four_way",0.15,0.5,0.5,"beta_prior"
"dense",5,0,14.8,11,17,"normal_gamma_sparse:5","dense_50_200_60_weak","four_way",0.15,0.5,0.5,"joint"
